{
  "grid": [
    64,
    64
  ],
  "steps": 800,
  "init_coop": 0.5,
  "noise": 0.005,
  "rule": "soft",
  "soft_k": 4.0,
  "async": false,
  "r2": 0.9852555893470052,
  "k_hat": 0.004716877832749256,
  "t50_hat": -26.4513601631725,
  "mu_inf_hat": 1.0373114443143292,
  "mu": [
    0.512451171875,
    0.5234375,
    0.533203125,
    0.537109375,
    0.543212890625,
    0.549560546875,
    0.5537109375,
    0.552490234375,
    0.548828125,
    0.549560546875,
    0.55517578125,
    0.55615234375,
    0.556640625,
    0.556640625,
    0.56005859375,
    0.560791015625,
    0.56103515625,
    0.56298828125,
    0.564208984375,
    0.56494140625,
    0.567138671875,
    0.568359375,
    0.56884765625,
    0.573974609375,
    0.572021484375,
    0.571044921875,
    0.570556640625,
    0.57373046875,
    0.572021484375,
    0.576416015625,
    0.578125,
    0.580810546875,
    0.580078125,
    0.586669921875,
    0.587890625,
    0.591064453125,
    0.5927734375,
    0.595703125,
    0.59765625,
    0.5966796875,
    0.605712890625,
    0.609375,
    0.61279296875,
    0.617431640625,
    0.6171875,
    0.617431640625,
    0.6181640625,
    0.620849609375,
    0.621337890625,
    0.62060546875,
    0.623291015625,
    0.62255859375,
    0.6259765625,
    0.62451171875,
    0.627197265625,
    0.624267578125,
    0.62744140625,
    0.62744140625,
    0.632568359375,
    0.63427734375,
    0.6357421875,
    0.638671875,
    0.639404296875,
    0.63916015625,
    0.641357421875,
    0.640869140625,
    0.64453125,
    0.644287109375,
    0.649169921875,
    0.64892578125,
    0.653564453125,
    0.6533203125,
    0.656494140625,
    0.6572265625,
    0.6611328125,
    0.660888671875,
    0.662353515625,
    0.666259765625,
    0.667724609375,
    0.670166015625,
    0.6708984375,
    0.67236328125,
    0.675048828125,
    0.675537109375,
    0.67578125,
    0.67578125,
    0.67578125,
    0.677734375,
    0.676025390625,
    0.677001953125,
    0.6806640625,
    0.6826171875,
    0.684814453125,
    0.685546875,
    0.68408203125,
    0.68603515625,
    0.6884765625,
    0.68896484375,
    0.6884765625,
    0.690673828125,
    0.6923828125,
    0.690185546875,
    0.688720703125,
    0.689453125,
    0.687744140625,
    0.69140625,
    0.6923828125,
    0.69287109375,
    0.697021484375,
    0.69677734375,
    0.692138671875,
    0.697509765625,
    0.699462890625,
    0.6953125,
    0.698486328125,
    0.698974609375,
    0.69970703125,
    0.699462890625,
    0.700927734375,
    0.701171875,
    0.701416015625,
    0.701904296875,
    0.701904296875,
    0.701416015625,
    0.7060546875,
    0.70458984375,
    0.70751953125,
    0.7060546875,
    0.7099609375,
    0.7109375,
    0.710205078125,
    0.708984375,
    0.708740234375,
    0.7109375,
    0.7119140625,
    0.71240234375,
    0.71533203125,
    0.713134765625,
    0.715087890625,
    0.7158203125,
    0.7177734375,
    0.718994140625,
    0.719482421875,
    0.719482421875,
    0.7216796875,
    0.72314453125,
    0.726806640625,
    0.728759765625,
    0.729248046875,
    0.72705078125,
    0.7275390625,
    0.72705078125,
    0.72509765625,
    0.724365234375,
    0.7255859375,
    0.72705078125,
    0.72900390625,
    0.726318359375,
    0.72509765625,
    0.728759765625,
    0.730224609375,
    0.729248046875,
    0.731201171875,
    0.73193359375,
    0.728515625,
    0.73046875,
    0.73486328125,
    0.7353515625,
    0.734619140625,
    0.737548828125,
    0.73779296875,
    0.73681640625,
    0.739501953125,
    0.738525390625,
    0.740478515625,
    0.7421875,
    0.7431640625,
    0.746826171875,
    0.74755859375,
    0.7451171875,
    0.748779296875,
    0.752685546875,
    0.753662109375,
    0.75830078125,
    0.757568359375,
    0.75537109375,
    0.755126953125,
    0.756103515625,
    0.757080078125,
    0.755615234375,
    0.756591796875,
    0.75634765625,
    0.757568359375,
    0.75732421875,
    0.760009765625,
    0.757568359375,
    0.759765625,
    0.7646484375,
    0.765625,
    0.75830078125,
    0.760009765625,
    0.762451171875,
    0.760986328125,
    0.76318359375,
    0.76806640625,
    0.76904296875,
    0.765625,
    0.76513671875,
    0.765380859375,
    0.761962890625,
    0.766357421875,
    0.7666015625,
    0.765869140625,
    0.7646484375,
    0.767333984375,
    0.770263671875,
    0.77001953125,
    0.76806640625,
    0.770263671875,
    0.77197265625,
    0.77294921875,
    0.77294921875,
    0.773681640625,
    0.7744140625,
    0.772705078125,
    0.77392578125,
    0.775634765625,
    0.775146484375,
    0.774169921875,
    0.778076171875,
    0.7763671875,
    0.78173828125,
    0.779541015625,
    0.77978515625,
    0.78125,
    0.78173828125,
    0.78662109375,
    0.78515625,
    0.785400390625,
    0.784423828125,
    0.785888671875,
    0.785888671875,
    0.7880859375,
    0.78515625,
    0.788818359375,
    0.79150390625,
    0.789794921875,
    0.791748046875,
    0.79150390625,
    0.792236328125,
    0.79443359375,
    0.795654296875,
    0.794921875,
    0.798828125,
    0.80078125,
    0.7998046875,
    0.8037109375,
    0.8056640625,
    0.806640625,
    0.805419921875,
    0.806396484375,
    0.807861328125,
    0.808349609375,
    0.809326171875,
    0.81005859375,
    0.81005859375,
    0.813232421875,
    0.812744140625,
    0.816162109375,
    0.81298828125,
    0.812744140625,
    0.814697265625,
    0.817626953125,
    0.814453125,
    0.814208984375,
    0.81640625,
    0.8203125,
    0.8193359375,
    0.820068359375,
    0.820556640625,
    0.822265625,
    0.821533203125,
    0.818115234375,
    0.82275390625,
    0.822265625,
    0.823974609375,
    0.82421875,
    0.827880859375,
    0.825927734375,
    0.829833984375,
    0.83349609375,
    0.833740234375,
    0.83203125,
    0.830810546875,
    0.834228515625,
    0.83642578125,
    0.8388671875,
    0.838134765625,
    0.840087890625,
    0.84033203125,
    0.838134765625,
    0.84375,
    0.843994140625,
    0.845458984375,
    0.841064453125,
    0.84619140625,
    0.8447265625,
    0.84521484375,
    0.84423828125,
    0.842041015625,
    0.843505859375,
    0.84326171875,
    0.843505859375,
    0.844970703125,
    0.845703125,
    0.8505859375,
    0.849853515625,
    0.849609375,
    0.8505859375,
    0.853271484375,
    0.85400390625,
    0.852783203125,
    0.85546875,
    0.857421875,
    0.858642578125,
    0.862060546875,
    0.862548828125,
    0.86376953125,
    0.86181640625,
    0.86279296875,
    0.860595703125,
    0.8603515625,
    0.85888671875,
    0.86083984375,
    0.859130859375,
    0.86376953125,
    0.864501953125,
    0.86474609375,
    0.8623046875,
    0.866455078125,
    0.863525390625,
    0.865234375,
    0.86376953125,
    0.864501953125,
    0.865478515625,
    0.863525390625,
    0.8662109375,
    0.863525390625,
    0.86328125,
    0.865966796875,
    0.867431640625,
    0.8681640625,
    0.869384765625,
    0.871337890625,
    0.8740234375,
    0.871826171875,
    0.873779296875,
    0.87353515625,
    0.8759765625,
    0.876220703125,
    0.877197265625,
    0.8779296875,
    0.879150390625,
    0.88232421875,
    0.882568359375,
    0.882080078125,
    0.8818359375,
    0.8798828125,
    0.88232421875,
    0.88037109375,
    0.8837890625,
    0.883544921875,
    0.88330078125,
    0.885498046875,
    0.884765625,
    0.8857421875,
    0.886962890625,
    0.88671875,
    0.88671875,
    0.88916015625,
    0.8916015625,
    0.893798828125,
    0.89794921875,
    0.8984375,
    0.900634765625,
    0.905517578125,
    0.904052734375,
    0.903564453125,
    0.901611328125,
    0.90771484375,
    0.90771484375,
    0.9052734375,
    0.90966796875,
    0.91162109375,
    0.912353515625,
    0.91259765625,
    0.911376953125,
    0.916015625,
    0.912841796875,
    0.915771484375,
    0.9150390625,
    0.9169921875,
    0.9169921875,
    0.917236328125,
    0.91943359375,
    0.919677734375,
    0.9228515625,
    0.92138671875,
