{
  "grid": [
    64,
    64
  ],
  "steps": 800,
  "init_coop": 0.5,
  "noise": 0.005,
  "rule": "soft",
  "soft_k": 4.0,
  "async": false,
  "r2": 0.7142001649573921,
  "k_hat": -8.673327420108909e-05,
  "t50_hat": -51000.22364590002,
  "mu_inf_hat": 42.933025390164204,
  "mu": [
    0.501953125,
    0.500244140625,
    0.5068359375,
    0.5068359375,
    0.50146484375,
    0.4990234375,
    0.49462890625,
    0.4912109375,
    0.490234375,
    0.490234375,
    0.482177734375,
    0.482666015625,
    0.4833984375,
    0.48486328125,
    0.483154296875,
    0.48779296875,
    0.486572265625,
    0.4912109375,
    0.497314453125,
    0.498291015625,
    0.495361328125,
    0.49609375,
    0.499267578125,
    0.49169921875,
    0.488525390625,
    0.493408203125,
    0.49951171875,
    0.49951171875,
    0.50244140625,
    0.50537109375,
    0.507568359375,
    0.50537109375,
    0.50634765625,
    0.507080078125,
    0.507568359375,
    0.50732421875,
    0.50634765625,
    0.505126953125,
    0.50390625,
    0.50830078125,
    0.50830078125,
    0.510986328125,
    0.510986328125,
    0.510009765625,
    0.5107421875,
    0.508056640625,
    0.509521484375,
    0.505615234375,
    0.510009765625,
    0.512451171875,
    0.50830078125,
    0.509765625,
    0.50732421875,
    0.513671875,
    0.51318359375,
    0.51318359375,
    0.514404296875,
    0.5185546875,
    0.51953125,
    0.518798828125,
    0.5185546875,
    0.5166015625,
    0.517333984375,
    0.515380859375,
    0.515380859375,
    0.5146484375,
    0.515625,
    0.512939453125,
    0.513427734375,
    0.5126953125,
    0.51318359375,
    0.51123046875,
    0.51171875,
    0.509033203125,
    0.509033203125,
    0.51171875,
    0.50732421875,
    0.508544921875,
    0.509765625,
    0.511474609375,
    0.510009765625,
    0.509033203125,
    0.50830078125,
    0.50341796875,
    0.5048828125,
    0.504638671875,
    0.50634765625,
    0.50634765625,
    0.5078125,
    0.505615234375,
    0.503662109375,
    0.504150390625,
    0.503173828125,
    0.50439453125,
    0.50732421875,
    0.509033203125,
    0.51123046875,
    0.511474609375,
    0.507568359375,
    0.503662109375,
    0.505859375,
    0.503662109375,
    0.504638671875,
    0.5029296875,
    0.504150390625,
    0.5068359375,
    0.506103515625,
    0.507568359375,
    0.513427734375,
    0.508056640625,
    0.50732421875,
    0.503662109375,
    0.506103515625,
    0.501708984375,
    0.500244140625,
    0.49951171875,
    0.49658203125,
    0.4931640625,
    0.490966796875,
    0.494140625,
    0.4921875,
    0.494873046875,
    0.494140625,
    0.49365234375,
    0.492919921875,
    0.49462890625,
    0.49609375,
    0.498291015625,
    0.497802734375,
    0.498046875,
    0.49755859375,
    0.50146484375,
    0.50244140625,
    0.5009765625,
    0.5,
    0.5029296875,
    0.50244140625,
    0.503662109375,
    0.505126953125,
    0.5029296875,
    0.50341796875,
    0.502197265625,
    0.503662109375,
    0.502197265625,
    0.5048828125,
    0.506103515625,
    0.5048828125,
    0.509521484375,
    0.508544921875,
    0.508056640625,
    0.508056640625,
    0.507080078125,
    0.50537109375,
    0.50634765625,
    0.50830078125,
    0.50830078125,
    0.50830078125,
    0.50927734375,
    0.50927734375,
    0.5087890625,
    0.50634765625,
    0.507080078125,
    0.508544921875,
    0.50439453125,
    0.502685546875,
    0.5048828125,
    0.501953125,
    0.500244140625,
    0.50244140625,
    0.503662109375,
    0.501953125,
    0.5009765625,
    0.4990234375,
    0.49658203125,
    0.49658203125,
    0.495849609375,
    0.498046875,
    0.499267578125,
    0.49560546875,
    0.496337890625,
    0.496337890625,
    0.498779296875,
    0.498779296875,
    0.499755859375,
    0.504638671875,
    0.502685546875,
    0.501708984375,
    0.507568359375,
    0.506103515625,
    0.505126953125,
    0.50390625,
    0.50732421875,
    0.506591796875,
    0.507568359375,
    0.504638671875,
    0.50146484375,
    0.5009765625,
    0.50146484375,
    0.503662109375,
    0.50390625,
    0.505859375,
    0.5029296875,
    0.504150390625,
    0.502197265625,
    0.500732421875,
    0.501220703125,
    0.499267578125,
    0.497802734375,
    0.500244140625,
    0.499267578125,
    0.50439453125,
    0.504150390625,
    0.50146484375,
    0.503173828125,
    0.506591796875,
    0.504638671875,
    0.503662109375,
    0.503662109375,
    0.503173828125,
    0.50634765625,
    0.50927734375,
    0.50927734375,
    0.504638671875,
    0.5068359375,
    0.5087890625,
    0.50537109375,
    0.5078125,
    0.5068359375,
    0.50830078125,
    0.50390625,
    0.50439453125,
    0.50732421875,
    0.50439453125,
    0.507080078125,
    0.5068359375,
    0.505126953125,
    0.506103515625,
    0.507568359375,
    0.5087890625,
    0.509521484375,
    0.50927734375,
    0.507568359375,
    0.509033203125,
    0.505859375,
    0.5048828125,
    0.506103515625,
    0.506591796875,
    0.50537109375,
    0.504150390625,
    0.505615234375,
    0.505859375,
    0.509521484375,
    0.507080078125,
    0.50537109375,
    0.503662109375,
    0.503173828125,
    0.505126953125,
    0.50390625,
    0.50537109375,
    0.502685546875,
    0.50439453125,
    0.506103515625,
    0.50732421875,
    0.507568359375,
    0.505859375,
    0.504638671875,
    0.503662109375,
    0.50244140625,
    0.500244140625,
    0.499755859375,
    0.4990234375,
    0.500244140625,
    0.500244140625,
    0.5,
    0.501220703125,
    0.500732421875,
    0.50341796875,
    0.501220703125,
    0.50146484375,
    0.50048828125,
    0.499755859375,
    0.499755859375,
    0.500732421875,
    0.50341796875,
    0.5048828125,
    0.501708984375,
    0.504638671875,
    0.501953125,
    0.5009765625,
    0.497802734375,
    0.498046875,
    0.500244140625,
    0.503173828125,
    0.50390625,
    0.506103515625,
    0.505859375,
    0.505859375,
    0.503662109375,
    0.498779296875,
    0.5,
    0.500244140625,
    0.498291015625,
    0.49658203125,
    0.497802734375,
    0.500732421875,
    0.501220703125,
    0.501953125,
    0.5009765625,
    0.5,
    0.499267578125,
    0.5,
    0.501708984375,
    0.499755859375,
    0.50048828125,
    0.501220703125,
    0.50146484375,
    0.499267578125,
    0.50341796875,
    0.501953125,
    0.503173828125,
    0.503662109375,
    0.506103515625,
    0.504638671875,
    0.50634765625,
    0.50439453125,
    0.50146484375,
    0.501220703125,
    0.501220703125,
    0.497314453125,
    0.50048828125,
    0.49951171875,
    0.498291015625,
    0.49853515625,
    0.500244140625,
    0.498779296875,
    0.500244140625,
    0.4990234375,
    0.5,
    0.5,
    0.497314453125,
    0.4990234375,
    0.49462890625,
    0.494873046875,
    0.49609375,
    0.498291015625,
    0.49365234375,
    0.496826171875,
    0.496337890625,
    0.497802734375,
    0.49609375,
    0.495361328125,
    0.496826171875,
    0.494873046875,
    0.493408203125,
    0.49169921875,
    0.49169921875,
    0.493896484375,
    0.492919921875,
    0.494384765625,
    0.491943359375,
    0.494384765625,
    0.4921875,
    0.49609375,
    0.492919921875,
    0.49169921875,
    0.491455078125,
    0.490478515625,
    0.491943359375,
    0.4951171875,
    0.49365234375,
    0.49169921875,
    0.48974609375,
    0.493408203125,
    0.49072265625,
    0.488525390625,
    0.48974609375,
    0.48974609375,
    0.4892578125,
    0.488037109375,
    0.487548828125,
    0.486572265625,
    0.48583984375,
    0.484375,
    0.484375,
    0.485595703125,
    0.488525390625,
    0.48779296875,
    0.486572265625,
    0.484130859375,
    0.48388671875,
    0.48486328125,
    0.482666015625,
    0.479248046875,
    0.479736328125,
    0.4814453125,
    0.480224609375,
    0.479736328125,
    0.482666015625,
    0.48095703125,
    0.479736328125,
    0.480712890625,
    0.478271484375,
    0.478515625,
    0.478515625,
    0.4775390625,
    0.474609375,
    0.47509765625,
