{
  "grid": [
    64,
    64
  ],
  "steps": 800,
  "init_coop": 0.5,
  "noise": 0.005,
  "rule": "soft",
  "soft_k": 4.0,
  "async": false,
  "r2": 0.8540250109290745,
  "k_hat": -0.0012563215827362658,
  "t50_hat": 1362.8382395988817,
  "mu_inf_hat": 0.6408765256803979,
  "mu": [
    0.504150390625,
    0.498046875,
    0.506103515625,
    0.5048828125,
    0.50634765625,
    0.505859375,
    0.50390625,
    0.5029296875,
    0.500244140625,
    0.500244140625,
    0.498291015625,
    0.500732421875,
    0.4990234375,
    0.4951171875,
    0.493408203125,
    0.494873046875,
    0.493408203125,
    0.491943359375,
    0.49462890625,
    0.4931640625,
    0.49609375,
    0.49853515625,
    0.498291015625,
    0.5009765625,
    0.503662109375,
    0.5068359375,
    0.508056640625,
    0.511474609375,
    0.510009765625,
    0.51513671875,
    0.520263671875,
    0.519775390625,
    0.52099609375,
    0.52001953125,
    0.52294921875,
    0.525390625,
    0.5234375,
    0.52880859375,
    0.53076171875,
    0.53076171875,
    0.531494140625,
    0.535888671875,
    0.530517578125,
    0.531982421875,
    0.534423828125,
    0.530517578125,
    0.532958984375,
    0.53515625,
    0.5380859375,
    0.538818359375,
    0.538330078125,
    0.53662109375,
    0.53857421875,
    0.537841796875,
    0.53857421875,
    0.53955078125,
    0.5400390625,
    0.535888671875,
    0.536865234375,
    0.53759765625,
    0.536865234375,
    0.532958984375,
    0.533935546875,
    0.535888671875,
    0.536865234375,
    0.5361328125,
    0.5390625,
    0.53759765625,
    0.53759765625,
    0.537109375,
    0.539306640625,
    0.541748046875,
    0.540283203125,
    0.5419921875,
    0.543701171875,
    0.54248046875,
    0.54296875,
    0.54736328125,
    0.548095703125,
    0.5478515625,
    0.548828125,
    0.546875,
    0.548095703125,
    0.55029296875,
    0.549560546875,
    0.5498046875,
    0.546875,
    0.54736328125,
    0.547119140625,
    0.545654296875,
    0.54443359375,
    0.5439453125,
    0.542724609375,
    0.54248046875,
    0.542724609375,
    0.5400390625,
    0.541259765625,
    0.541259765625,
    0.5400390625,
    0.542236328125,
    0.54345703125,
    0.5439453125,
    0.54150390625,
    0.5400390625,
    0.543701171875,
    0.5419921875,
    0.54150390625,
    0.543701171875,
    0.541015625,
    0.54150390625,
    0.545166015625,
    0.544189453125,
    0.54150390625,
    0.54345703125,
    0.54296875,
    0.54052734375,
    0.538330078125,
    0.5400390625,
    0.544677734375,
    0.54736328125,
    0.54736328125,
    0.547119140625,
    0.550537109375,
    0.551513671875,
    0.547119140625,
    0.5498046875,
    0.547119140625,
    0.546875,
    0.5439453125,
    0.544677734375,
    0.547607421875,
    0.54736328125,
    0.549072265625,
    0.546142578125,
    0.549560546875,
    0.546875,
    0.54638671875,
    0.54443359375,
    0.544189453125,
    0.543212890625,
    0.54541015625,
    0.544189453125,
    0.545166015625,
    0.543701171875,
    0.5419921875,
    0.542724609375,
    0.5400390625,
    0.54052734375,
    0.540771484375,
    0.541259765625,
    0.540771484375,
    0.5419921875,
    0.543701171875,
    0.54638671875,
    0.54443359375,
    0.545654296875,
    0.546142578125,
    0.54931640625,
    0.547119140625,
    0.549072265625,
    0.5458984375,
    0.543212890625,
    0.543212890625,
    0.548828125,
    0.5458984375,
    0.543212890625,
    0.544189453125,
    0.542724609375,
    0.53955078125,
    0.539306640625,
    0.53564453125,
    0.53759765625,
    0.5361328125,
    0.536865234375,
    0.540283203125,
    0.53759765625,
    0.539306640625,
    0.53857421875,
    0.53662109375,
    0.542724609375,
    0.54150390625,
    0.5458984375,
    0.54296875,
    0.54345703125,
    0.543212890625,
    0.544677734375,
    0.541748046875,
    0.54052734375,
    0.539794921875,
    0.538818359375,
    0.536865234375,
    0.5400390625,
    0.53955078125,
    0.5380859375,
    0.5390625,
    0.540771484375,
    0.542724609375,
    0.541015625,
    0.53759765625,
    0.5380859375,
    0.538330078125,
    0.5361328125,
    0.5361328125,
    0.536376953125,
    0.53173828125,
    0.5322265625,
    0.534912109375,
    0.530517578125,
    0.532958984375,
    0.533203125,
    0.531005859375,
    0.5302734375,
    0.527587890625,
    0.52783203125,
    0.52880859375,
    0.526123046875,
    0.524169921875,
    0.52392578125,
    0.52587890625,
    0.524169921875,
    0.5263671875,
    0.52734375,
    0.529052734375,
    0.53173828125,
    0.53173828125,
    0.530517578125,
    0.53369140625,
    0.53173828125,
    0.533935546875,
    0.536376953125,
    0.5322265625,
    0.532958984375,
    0.537353515625,
    0.537353515625,
    0.536865234375,
    0.537353515625,
    0.53857421875,
    0.5380859375,
    0.537353515625,
    0.536376953125,
    0.5361328125,
    0.53466796875,
    0.5302734375,
    0.53125,
    0.53076171875,
    0.53076171875,
    0.526123046875,
    0.52587890625,
    0.523193359375,
    0.5244140625,
    0.5224609375,
    0.525146484375,
    0.529541015625,
    0.529541015625,
    0.529296875,
    0.5283203125,
    0.527099609375,
    0.525146484375,
    0.525390625,
    0.52490234375,
    0.525390625,
    0.5234375,
    0.52392578125,
    0.52490234375,
    0.521240234375,
    0.520751953125,
    0.518798828125,
    0.5166015625,
    0.516357421875,
    0.514892578125,
    0.518310546875,
    0.51953125,
    0.51416015625,
    0.515380859375,
    0.515869140625,
    0.5166015625,
    0.5126953125,
    0.515380859375,
    0.515625,
    0.516357421875,
    0.51513671875,
    0.516845703125,
    0.518310546875,
    0.516845703125,
    0.51611328125,
    0.51123046875,
    0.51025390625,
    0.508056640625,
    0.5087890625,
    0.50439453125,
    0.5029296875,
    0.508544921875,
    0.508544921875,
    0.507080078125,
    0.5068359375,
    0.50732421875,
    0.510009765625,
    0.5107421875,
    0.50927734375,
    0.50830078125,
    0.507568359375,
    0.50537109375,
    0.500732421875,
    0.50048828125,
    0.503173828125,
    0.50390625,
    0.50439453125,
    0.500732421875,
    0.49755859375,
    0.49609375,
    0.49462890625,
    0.493408203125,
    0.4921875,
    0.494384765625,
    0.493408203125,
    0.49267578125,
    0.491455078125,
    0.489990234375,
    0.4921875,
    0.49072265625,
    0.4912109375,
    0.489501953125,
    0.4873046875,
    0.487060546875,
    0.485107421875,
    0.4873046875,
    0.48779296875,
    0.485107421875,
    0.486328125,
    0.490234375,
    0.48828125,
    0.490478515625,
    0.487060546875,
    0.488525390625,
    0.490234375,
    0.486083984375,
    0.482177734375,
    0.485107421875,
    0.48681640625,
    0.486328125,
    0.485107421875,
    0.486083984375,
    0.486083984375,
    0.484375,
    0.48583984375,
    0.48486328125,
    0.487060546875,
    0.48876953125,
    0.491943359375,
    0.489990234375,
    0.49072265625,
    0.488525390625,
    0.489013671875,
    0.486328125,
    0.48779296875,
    0.485595703125,
    0.484130859375,
    0.4833984375,
    0.484619140625,
    0.4833984375,
    0.482177734375,
    0.48095703125,
    0.47998046875,
    0.480712890625,
    0.479736328125,
    0.47900390625,
    0.48291015625,
    0.485107421875,
    0.484619140625,
    0.486083984375,
    0.48681640625,
    0.487060546875,
    0.484619140625,
    0.481201171875,
    0.479248046875,
    0.483642578125,
    0.48486328125,
    0.482421875,
    0.480712890625,
    0.47998046875,
    0.482421875,
    0.477783203125,
    0.4775390625,
    0.478271484375,
    0.47998046875,
    0.481201171875,
    0.481689453125,
    0.482666015625,
    0.483642578125,
    0.485107421875,
    0.48388671875,
    0.482177734375,
    0.481201171875,
    0.482421875,
    0.47998046875,
    0.483154296875,
    0.48095703125,
    0.483154296875,
    0.4833984375,
    0.48291015625,
    0.482177734375,
    0.4833984375,
    0.48095703125,
    0.481201171875,
    0.482421875,
    0.4853515625,
