{
  "grid": [
    64,
    64
  ],
  "steps": 800,
  "init_coop": 0.5,
  "noise": 0.0,
  "rule": "soft",
  "soft_k": 4.0,
  "async": false,
  "r2": 0.9801655191087935,
  "k_hat": 0.001942805262771525,
  "t50_hat": -191.29545616619725,
  "mu_inf_hat": 0.8173206901692995,
  "mu": [
    0.497314453125,
    0.49267578125,
    0.491455078125,
    0.48779296875,
    0.489990234375,
    0.488037109375,
    0.482421875,
    0.480712890625,
    0.4814453125,
    0.47998046875,
    0.4814453125,
    0.478515625,
    0.475341796875,
    0.47216796875,
    0.474853515625,
    0.474853515625,
    0.476318359375,
    0.47705078125,
    0.473388671875,
    0.475830078125,
    0.478759765625,
    0.485107421875,
    0.48681640625,
    0.489013671875,
    0.48876953125,
    0.4921875,
    0.49169921875,
    0.493408203125,
    0.49365234375,
    0.493408203125,
    0.494384765625,
    0.495361328125,
    0.497314453125,
    0.492919921875,
    0.4853515625,
    0.48388671875,
    0.488037109375,
    0.489990234375,
    0.490966796875,
    0.491455078125,
    0.492431640625,
    0.491455078125,
    0.489501953125,
    0.490478515625,
    0.489990234375,
    0.487060546875,
    0.486083984375,
    0.4873046875,
    0.48828125,
    0.4892578125,
    0.488525390625,
    0.488525390625,
    0.490478515625,
    0.490966796875,
    0.4931640625,
    0.496337890625,
    0.4951171875,
    0.494873046875,
    0.4970703125,
    0.494873046875,
    0.49365234375,
    0.497314453125,
    0.49658203125,
    0.49853515625,
    0.501708984375,
    0.504150390625,
    0.502197265625,
    0.5009765625,
    0.499755859375,
    0.502197265625,
    0.50048828125,
    0.50390625,
    0.502685546875,
    0.503173828125,
    0.50341796875,
    0.504150390625,
    0.502685546875,
    0.50146484375,
    0.502197265625,
    0.50439453125,
    0.507568359375,
    0.51025390625,
    0.5126953125,
    0.513427734375,
    0.51513671875,
    0.51708984375,
    0.51708984375,
    0.51806640625,
    0.516845703125,
    0.518310546875,
    0.51953125,
    0.515869140625,
    0.516845703125,
    0.517578125,
    0.51708984375,
    0.51416015625,
    0.51611328125,
    0.51123046875,
    0.5146484375,
    0.513916015625,
    0.51318359375,
    0.512451171875,
    0.513671875,
    0.515380859375,
    0.517578125,
    0.518798828125,
    0.518310546875,
    0.51513671875,
    0.51708984375,
    0.51708984375,
    0.516845703125,
    0.516845703125,
    0.51806640625,
    0.52197265625,
    0.5205078125,
    0.522705078125,
    0.524658203125,
    0.52490234375,
    0.5283203125,
    0.52978515625,
    0.530029296875,
    0.528076171875,
    0.5302734375,
    0.53369140625,
    0.533203125,
    0.5322265625,
    0.5322265625,
    0.533203125,
    0.533447265625,
    0.53125,
    0.529541015625,
    0.530029296875,
    0.528076171875,
    0.528564453125,
    0.52880859375,
    0.530029296875,
    0.5302734375,
    0.531005859375,
    0.53125,
    0.53125,
    0.5302734375,
    0.53076171875,
    0.528564453125,
    0.530517578125,
    0.531494140625,
    0.533203125,
    0.53564453125,
    0.533935546875,
    0.537109375,
    0.5361328125,
    0.537841796875,
    0.538818359375,
    0.538330078125,
    0.5380859375,
    0.538330078125,
    0.542724609375,
    0.54296875,
    0.54541015625,
    0.546875,
    0.5458984375,
    0.546142578125,
    0.5458984375,
    0.544189453125,
    0.54638671875,
    0.54833984375,
    0.547607421875,
    0.54638671875,
    0.545654296875,
    0.545166015625,
    0.545166015625,
    0.54638671875,
    0.546142578125,
    0.54638671875,
    0.54541015625,
    0.547119140625,
    0.5478515625,
    0.548828125,
    0.551513671875,
    0.551513671875,
    0.551513671875,
    0.55322265625,
    0.55517578125,
    0.556884765625,
    0.55810546875,
    0.5576171875,
    0.55859375,
    0.556640625,
    0.55712890625,
    0.55712890625,
    0.55859375,
    0.559326171875,
    0.55810546875,
    0.559326171875,
    0.5595703125,
    0.560302734375,
    0.5615234375,
    0.5615234375,
    0.563232421875,
    0.5634765625,
    0.565673828125,
    0.565673828125,
    0.569580078125,
    0.570556640625,
    0.568115234375,
    0.568359375,
    0.5693359375,
    0.57080078125,
    0.570556640625,
    0.57177734375,
    0.5712890625,
    0.570068359375,
    0.573974609375,
    0.57373046875,
    0.576416015625,
    0.57861328125,
    0.5810546875,
    0.582763671875,
    0.583251953125,
    0.585205078125,
    0.5849609375,
    0.585205078125,
    0.58642578125,
    0.589599609375,
    0.591552734375,
    0.591552734375,
    0.59326171875,
    0.593994140625,
    0.594482421875,
    0.59423828125,
    0.594970703125,
    0.594482421875,
    0.5947265625,
    0.59423828125,
    0.5947265625,
    0.595458984375,
    0.593994140625,
    0.592529296875,
    0.59326171875,
    0.593017578125,
    0.59375,
    0.59228515625,
    0.590087890625,
    0.5908203125,
    0.591064453125,
    0.59326171875,
    0.593994140625,
    0.5947265625,
    0.5947265625,
    0.593994140625,
    0.593505859375,
    0.594970703125,
    0.595458984375,
    0.5947265625,
    0.595703125,
    0.595458984375,
    0.596435546875,
    0.595703125,
    0.59375,
    0.5927734375,
    0.592529296875,
    0.592529296875,
    0.591796875,
    0.591796875,
    0.592529296875,
    0.593994140625,
    0.593994140625,
    0.5947265625,
    0.596923828125,
    0.59716796875,
    0.595703125,
    0.597900390625,
    0.59814453125,
    0.596435546875,
    0.597412109375,
    0.599365234375,
    0.598388671875,
    0.600830078125,
    0.601806640625,
    0.604248046875,
    0.603515625,
    0.603759765625,
    0.6015625,
    0.6025390625,
    0.603759765625,
    0.603515625,
    0.603515625,
    0.603271484375,
    0.604248046875,
    0.6044921875,
    0.603515625,
    0.60205078125,
    0.601318359375,
    0.600830078125,
    0.602294921875,
    0.600341796875,
    0.601318359375,
    0.59912109375,
    0.59912109375,
    0.599853515625,
    0.601806640625,
    0.601806640625,
    0.604736328125,
    0.605224609375,
    0.603515625,
    0.604736328125,
    0.603271484375,
    0.6015625,
    0.60302734375,
    0.601806640625,
    0.601806640625,
    0.60205078125,
    0.603271484375,
    0.603271484375,
    0.60400390625,
    0.6044921875,
    0.601318359375,
    0.601318359375,
    0.60107421875,
    0.60107421875,
    0.599609375,
    0.599609375,
    0.597412109375,
    0.599365234375,
    0.60009765625,
    0.598388671875,
    0.59716796875,
    0.599853515625,
    0.602294921875,
    0.60400390625,
    0.604248046875,
    0.600830078125,
    0.6025390625,
    0.603515625,
    0.604248046875,
    0.603759765625,
    0.60205078125,
    0.6015625,
    0.60009765625,
    0.60009765625,
    0.601318359375,
    0.60107421875,
    0.6015625,
    0.59814453125,
    0.59716796875,
    0.59814453125,
    0.59814453125,
    0.599853515625,
    0.600341796875,
    0.60205078125,
    0.602783203125,
    0.60302734375,
    0.60205078125,
    0.60302734375,
    0.60546875,
    0.60400390625,
    0.601806640625,
    0.60302734375,
    0.60498046875,
    0.604736328125,
    0.60595703125,
    0.606689453125,
    0.60693359375,
    0.609130859375,
    0.610595703125,
    0.609375,
    0.609375,
    0.608154296875,
    0.60888671875,
    0.608642578125,
    0.609130859375,
    0.6083984375,
    0.611083984375,
    0.612060546875,
    0.611083984375,
    0.609130859375,
    0.6083984375,
    0.6064453125,
    0.6064453125,
    0.6064453125,
    0.607177734375,
    0.6083984375,
    0.60693359375,
    0.6044921875,
    0.607177734375,
    0.608642578125,
    0.60693359375,
    0.608154296875,
    0.607666015625,
    0.607421875,
    0.606201171875,
    0.60693359375,
    0.6064453125,
    0.606689453125,
    0.6083984375,
    0.607177734375,
    0.607666015625,
    0.60888671875,
    0.608642578125,
    0.609130859375,
    0.610595703125,
    0.61083984375,
    0.61083984375,
    0.611083984375,
    0.611572265625,
    0.610595703125,
