{
  "grid": [
    64,
    64
  ],
  "steps": 800,
  "init_coop": 0.5,
  "noise": 0.005,
  "rule": "soft",
  "soft_k": 4.0,
  "async": false,
  "r2": 0.9883707713770663,
  "k_hat": 0.002113828086805661,
  "t50_hat": -331.13680389660425,
  "mu_inf_hat": 0.8201919752915218,
  "mu": [
    0.512451171875,
    0.5146484375,
    0.5166015625,
    0.517578125,
    0.52001953125,
    0.52099609375,
    0.527099609375,
    0.529296875,
    0.53076171875,
    0.534423828125,
    0.53515625,
    0.53857421875,
    0.543212890625,
    0.544921875,
    0.546875,
    0.549072265625,
    0.551025390625,
    0.5419921875,
    0.544189453125,
    0.541748046875,
    0.541748046875,
    0.545166015625,
    0.5498046875,
    0.5458984375,
    0.549072265625,
    0.552001953125,
    0.55224609375,
    0.55419921875,
    0.5546875,
    0.553466796875,
    0.5556640625,
    0.555908203125,
    0.558349609375,
    0.5576171875,
    0.563232421875,
    0.560791015625,
    0.5625,
    0.560546875,
    0.561279296875,
    0.5595703125,
    0.56396484375,
    0.5654296875,
    0.565185546875,
    0.562255859375,
    0.56201171875,
    0.561279296875,
    0.56298828125,
    0.56005859375,
    0.563720703125,
    0.561279296875,
    0.55859375,
    0.560546875,
    0.5654296875,
    0.5654296875,
    0.568603515625,
    0.571533203125,
    0.571533203125,
    0.57470703125,
    0.576904296875,
    0.575927734375,
    0.578369140625,
    0.576904296875,
    0.57421875,
    0.576904296875,
    0.578125,
    0.577880859375,
    0.577880859375,
    0.579345703125,
    0.581298828125,
    0.58154296875,
    0.585693359375,
    0.583740234375,
    0.58203125,
    0.584716796875,
    0.58544921875,
    0.58544921875,
    0.5830078125,
    0.588134765625,
    0.591796875,
    0.592529296875,
    0.593505859375,
    0.592529296875,
    0.59375,
    0.5927734375,
    0.588623046875,
    0.591064453125,
    0.5908203125,
    0.5927734375,
    0.59228515625,
    0.593017578125,
    0.59375,
    0.59716796875,
    0.596923828125,
    0.598876953125,
    0.596923828125,
    0.596923828125,
    0.59716796875,
    0.59765625,
    0.59619140625,
    0.59814453125,
    0.598388671875,
    0.59619140625,
    0.59912109375,
    0.5966796875,
    0.60009765625,
    0.60302734375,
    0.601318359375,
    0.6025390625,
    0.60400390625,
    0.6044921875,
    0.603759765625,
    0.60107421875,
    0.59912109375,
    0.601318359375,
    0.602783203125,
    0.602294921875,
    0.60009765625,
    0.6005859375,
    0.59912109375,
    0.596923828125,
    0.598876953125,
    0.600341796875,
    0.599853515625,
    0.59716796875,
    0.599365234375,
    0.6025390625,
    0.599853515625,
    0.601318359375,
    0.599609375,
    0.600341796875,
    0.602783203125,
    0.603271484375,
    0.60205078125,
    0.604736328125,
    0.603271484375,
    0.60009765625,
    0.60400390625,
    0.60302734375,
    0.602294921875,
    0.600830078125,
    0.60400390625,
    0.603515625,
    0.60302734375,
    0.603271484375,
    0.60107421875,
    0.601318359375,
    0.601318359375,
    0.6005859375,
    0.60107421875,
    0.6025390625,
    0.599609375,
    0.60400390625,
    0.60107421875,
    0.600830078125,
    0.602294921875,
    0.601806640625,
    0.603271484375,
    0.6025390625,
    0.60498046875,
    0.607177734375,
    0.605712890625,
    0.606201171875,
    0.60400390625,
    0.609619140625,
    0.609130859375,
    0.61083984375,
    0.609619140625,
    0.610107421875,
    0.61083984375,
    0.607421875,
    0.60888671875,
    0.6083984375,
    0.610595703125,
    0.615234375,
    0.61474609375,
    0.617431640625,
    0.61865234375,
    0.61865234375,
    0.6162109375,
    0.618896484375,
    0.614990234375,
    0.617919921875,
    0.6142578125,
    0.618408203125,
    0.619384765625,
    0.6181640625,
    0.616455078125,
    0.61767578125,
    0.620849609375,
    0.623779296875,
    0.62255859375,
    0.623291015625,
    0.623779296875,
    0.6240234375,
    0.626220703125,
    0.625244140625,
    0.625244140625,
    0.623046875,
    0.62255859375,
    0.623046875,
    0.626220703125,
    0.623779296875,
    0.625732421875,
    0.625244140625,
    0.621337890625,
    0.62548828125,
    0.626953125,
    0.627197265625,
    0.627685546875,
    0.625732421875,
    0.62451171875,
    0.62548828125,
    0.623291015625,
    0.62255859375,
    0.623046875,
    0.6220703125,
    0.62255859375,
    0.62451171875,
    0.622802734375,
    0.62353515625,
    0.62109375,
    0.623046875,
    0.61962890625,
    0.619140625,
    0.622802734375,
    0.622802734375,
    0.62158203125,
    0.6240234375,
    0.624755859375,
    0.62353515625,
    0.623291015625,
    0.62548828125,
    0.625244140625,
    0.62548828125,
    0.6259765625,
    0.628662109375,
    0.625244140625,
    0.625244140625,
    0.62939453125,
    0.629150390625,
    0.63037109375,
    0.630859375,
    0.6298828125,
    0.630615234375,
    0.632080078125,
    0.630615234375,
    0.632568359375,
    0.631103515625,
    0.633544921875,
    0.628662109375,
    0.6298828125,
    0.63037109375,
    0.629638671875,
    0.630615234375,
    0.6328125,
    0.632080078125,
    0.63232421875,
    0.6328125,
    0.6328125,
    0.633544921875,
    0.635986328125,
    0.637939453125,
    0.638427734375,
    0.63525390625,
    0.63330078125,
    0.632080078125,
    0.6328125,
    0.633544921875,
    0.632568359375,
    0.634033203125,
    0.63330078125,
    0.635009765625,
    0.6357421875,
    0.635498046875,
    0.636962890625,
    0.63720703125,
    0.63916015625,
    0.640625,
    0.640625,
    0.637939453125,
    0.641357421875,
    0.6416015625,
    0.640869140625,
    0.642578125,
    0.6435546875,
    0.640380859375,
    0.63916015625,
    0.639892578125,
    0.638916015625,
    0.640380859375,
    0.637939453125,
    0.63623046875,
    0.632568359375,
    0.63232421875,
    0.634521484375,
    0.63330078125,
    0.6357421875,
    0.637939453125,
    0.63671875,
    0.639892578125,
    0.63916015625,
    0.6396484375,
    0.639892578125,
    0.642333984375,
    0.64208984375,
    0.6455078125,
    0.64453125,
    0.6474609375,
    0.648193359375,
    0.64794921875,
    0.648193359375,
    0.6484375,
    0.6474609375,
    0.64599609375,
    0.647216796875,
    0.6484375,
    0.64794921875,
    0.644775390625,
    0.646484375,
    0.650390625,
    0.646240234375,
    0.647705078125,
    0.64794921875,
    0.650634765625,
    0.65185546875,
    0.652587890625,
    0.654296875,
    0.652099609375,
    0.651123046875,
    0.6494140625,
    0.649658203125,
    0.652587890625,
    0.656005859375,
    0.65673828125,
    0.65625,
    0.661376953125,
    0.66259765625,
    0.661865234375,
    0.662109375,
    0.661376953125,
    0.661376953125,
    0.65869140625,
    0.66162109375,
    0.66162109375,
    0.66259765625,
    0.663330078125,
    0.662353515625,
    0.65966796875,
    0.65966796875,
    0.661376953125,
    0.66015625,
    0.662353515625,
    0.65771484375,
    0.66162109375,
    0.663330078125,
    0.65966796875,
    0.661865234375,
    0.658203125,
    0.65869140625,
    0.659912109375,
    0.659912109375,
    0.660400390625,
    0.66064453125,
    0.662353515625,
    0.66015625,
    0.659912109375,
    0.6591796875,
    0.660400390625,
    0.659423828125,
    0.659423828125,
    0.658935546875,
    0.66357421875,
    0.66650390625,
    0.661865234375,
    0.664306640625,
    0.66845703125,
    0.668701171875,
    0.668212890625,
    0.67041015625,
    0.67041015625,
    0.6689453125,
    0.67138671875,
    0.6728515625,
    0.66943359375,
    0.6708984375,
    0.673095703125,
    0.674072265625,
    0.6728515625,
    0.673583984375,
    0.671142578125,
    0.67431640625,
    0.67333984375,
    0.67529296875,
    0.674560546875,
    0.674072265625,
    0.672119140625,
    0.674072265625,
    0.678466796875,
    0.674072265625,
    0.672607421875,
    0.673583984375,
    0.67431640625,
    0.675537109375,
    0.6748046875,
    0.674560546875,
    0.677734375,
