{
  "grid": [
    64,
    64
  ],
  "steps": 800,
  "init_coop": 0.5,
  "noise": 0.005,
  "rule": "soft",
  "soft_k": 4.0,
  "async": false,
  "r2": 0.9614453066941261,
  "k_hat": -0.0033694759513325074,
  "t50_hat": 960.8852339431895,
  "mu_inf_hat": 0.4796678097952371,
  "mu": [
    0.504150390625,
    0.502685546875,
    0.5009765625,
    0.4990234375,
    0.4970703125,
    0.49560546875,
    0.489013671875,
    0.48486328125,
    0.484130859375,
    0.4853515625,
    0.48193359375,
    0.48193359375,
    0.479248046875,
    0.478515625,
    0.474853515625,
    0.47216796875,
    0.4736328125,
    0.47216796875,
    0.473876953125,
    0.47705078125,
    0.47705078125,
    0.47705078125,
    0.474365234375,
    0.4765625,
    0.476806640625,
    0.47412109375,
    0.4765625,
    0.47509765625,
    0.478271484375,
    0.475341796875,
    0.47314453125,
    0.47509765625,
    0.473388671875,
    0.473388671875,
    0.473388671875,
    0.47412109375,
    0.47216796875,
    0.474365234375,
    0.471435546875,
    0.470703125,
    0.472412109375,
    0.46923828125,
    0.467529296875,
    0.461669921875,
    0.46630859375,
    0.46484375,
    0.465576171875,
    0.462158203125,
    0.461669921875,
    0.460693359375,
    0.45703125,
    0.4599609375,
    0.4580078125,
    0.4560546875,
    0.4541015625,
    0.451171875,
    0.45263671875,
    0.45458984375,
    0.452392578125,
    0.45166015625,
    0.453125,
    0.452392578125,
    0.4501953125,
    0.44580078125,
    0.447265625,
    0.44775390625,
    0.443359375,
    0.443359375,
    0.443603515625,
    0.4453125,
    0.441162109375,
    0.439453125,
    0.440673828125,
    0.4384765625,
    0.439208984375,
    0.43603515625,
    0.435302734375,
    0.438232421875,
    0.435546875,
    0.4345703125,
    0.435791015625,
    0.436279296875,
    0.43603515625,
    0.433837890625,
    0.438720703125,
    0.43310546875,
    0.434326171875,
    0.43408203125,
    0.43115234375,
    0.43212890625,
    0.42919921875,
    0.431640625,
    0.431640625,
    0.4287109375,
    0.428466796875,
    0.426513671875,
    0.4248046875,
    0.42529296875,
    0.423828125,
    0.426513671875,
    0.42578125,
    0.427490234375,
    0.42919921875,
    0.431396484375,
    0.433837890625,
    0.4365234375,
    0.437255859375,
    0.436279296875,
    0.4375,
    0.4404296875,
    0.4443359375,
    0.446533203125,
    0.448974609375,
    0.44921875,
    0.4482421875,
    0.44970703125,
    0.4482421875,
    0.4521484375,
    0.4521484375,
    0.44921875,
    0.4501953125,
    0.447265625,
    0.448486328125,
    0.4501953125,
    0.448974609375,
    0.447509765625,
    0.44482421875,
    0.445068359375,
    0.446044921875,
    0.4453125,
    0.4462890625,
    0.4462890625,
    0.447021484375,
    0.443603515625,
    0.443359375,
    0.44482421875,
    0.44287109375,
    0.44482421875,
    0.44287109375,
    0.4462890625,
    0.443603515625,
    0.44482421875,
    0.44384765625,
    0.4443359375,
    0.44384765625,
    0.446044921875,
    0.44677734375,
    0.44482421875,
    0.4443359375,
    0.4423828125,
    0.443359375,
    0.442626953125,
    0.44091796875,
    0.438720703125,
    0.444091796875,
    0.4443359375,
    0.44482421875,
    0.449951171875,
    0.447509765625,
    0.44775390625,
    0.4453125,
    0.44775390625,
    0.448974609375,
    0.4443359375,
    0.444091796875,
    0.443115234375,
    0.443115234375,
    0.44384765625,
    0.44482421875,
    0.442626953125,
    0.439453125,
    0.43896484375,
    0.43994140625,
    0.43505859375,
    0.439697265625,
    0.440185546875,
    0.43994140625,
    0.438232421875,
    0.4384765625,
    0.438720703125,
    0.438232421875,
    0.437744140625,
    0.43603515625,
    0.434326171875,
    0.437744140625,
    0.436767578125,
    0.437255859375,
    0.438232421875,
    0.439453125,
    0.441650390625,
    0.44140625,
    0.443603515625,
    0.4423828125,
    0.443603515625,
    0.445068359375,
    0.442626953125,
    0.440673828125,
    0.44091796875,
    0.442626953125,
    0.440673828125,
    0.44384765625,
    0.44140625,
    0.445068359375,
    0.443115234375,
    0.4443359375,
    0.44384765625,
    0.44091796875,
    0.444580078125,
    0.44384765625,
    0.4482421875,
    0.4453125,
    0.446044921875,
    0.44287109375,
    0.445556640625,
    0.444091796875,
    0.44384765625,
    0.443359375,
    0.4443359375,
    0.43994140625,
    0.441162109375,
    0.43798828125,
    0.439208984375,
    0.441162109375,
    0.439697265625,
    0.4404296875,
    0.439208984375,
    0.439697265625,
    0.443115234375,
    0.44189453125,
    0.443603515625,
    0.4423828125,
    0.443115234375,
    0.44482421875,
    0.44091796875,
    0.442138671875,
    0.44287109375,
    0.442138671875,
    0.4443359375,
    0.4462890625,
    0.44482421875,
    0.4462890625,
    0.448974609375,
    0.447509765625,
    0.4482421875,
    0.4462890625,
    0.448486328125,
    0.446533203125,
    0.44873046875,
    0.447998046875,
    0.447265625,
    0.448974609375,
    0.44775390625,
    0.447998046875,
    0.45068359375,
    0.448486328125,
    0.447998046875,
    0.44384765625,
    0.446044921875,
    0.446044921875,
    0.44580078125,
    0.44287109375,
    0.441650390625,
    0.44384765625,
    0.444091796875,
    0.444091796875,
    0.445556640625,
    0.44677734375,
    0.447509765625,
    0.446044921875,
    0.4453125,
    0.44189453125,
    0.443359375,
    0.4423828125,
    0.44384765625,
    0.446044921875,
    0.44580078125,
    0.443603515625,
    0.442626953125,
    0.440185546875,
    0.4404296875,
    0.439208984375,
    0.44091796875,
    0.439697265625,
    0.43994140625,
    0.439208984375,
    0.43896484375,
    0.439453125,
    0.43701171875,
    0.436279296875,
    0.437255859375,
    0.43603515625,
    0.436279296875,
    0.4404296875,
    0.436767578125,
    0.43603515625,
    0.435546875,
    0.43408203125,
    0.432861328125,
    0.430419921875,
    0.43212890625,
    0.4306640625,
    0.431640625,
    0.4326171875,
    0.433349609375,
    0.433349609375,
    0.43359375,
    0.43359375,
    0.4306640625,
    0.43310546875,
    0.437255859375,
    0.437744140625,
    0.439453125,
    0.440673828125,
    0.437744140625,
    0.436767578125,
    0.4375,
    0.437744140625,
    0.44091796875,
    0.435791015625,
    0.435302734375,
    0.435791015625,
    0.432373046875,
    0.432373046875,
    0.433349609375,
    0.432861328125,
    0.434326171875,
    0.434814453125,
    0.43359375,
    0.43212890625,
    0.431396484375,
    0.433349609375,
    0.43408203125,
    0.43408203125,
    0.431396484375,
    0.435546875,
    0.43505859375,
    0.43408203125,
    0.433837890625,
    0.4345703125,
    0.435302734375,
    0.432373046875,
    0.43310546875,
    0.428955078125,
    0.43115234375,
    0.43212890625,
    0.4306640625,
    0.431640625,
    0.429443359375,
    0.431640625,
    0.430908203125,
    0.428955078125,
    0.430419921875,
    0.430419921875,
    0.431640625,
    0.42626953125,
    0.4306640625,
    0.4287109375,
    0.429931640625,
    0.42822265625,
    0.4287109375,
    0.42822265625,
    0.42919921875,
    0.427978515625,
    0.427978515625,
    0.4287109375,
    0.4267578125,
    0.42529296875,
    0.42333984375,
    0.428466796875,
    0.4267578125,
    0.427978515625,
    0.42724609375,
    0.4287109375,
    0.429931640625,
    0.42724609375,
    0.427490234375,
    0.4296875,
    0.427978515625,
    0.428955078125,
    0.427978515625,
    0.42822265625,
    0.42724609375,
    0.427490234375,
    0.427490234375,
    0.427978515625,
    0.4296875,
    0.42529296875,
    0.42822265625,
    0.426025390625,
    0.423095703125,
    0.424560546875,
    0.423583984375,
    0.4248046875,
    0.427734375,
    0.42822265625,
    0.431640625,
    0.430419921875,
    0.431884765625,
    0.42919921875,
    0.426513671875,
    0.427978515625,
    0.428466796875,
    0.4296875,
    0.427490234375,
    0.426513671875,
    0.42626953125,
    0.42919921875,
