{
  "grid": [
    64,
    64
  ],
  "steps": 800,
  "init_coop": 0.5,
  "noise": 0.005,
  "rule": "soft",
  "soft_k": 4.0,
  "async": false,
  "r2": 0.9422402244541639,
  "k_hat": 0.013076828381303415,
  "t50_hat": -91.87470832196387,
  "mu_inf_hat": 0.6855421850765554,
  "mu": [
    0.500732421875,
    0.509765625,
    0.50634765625,
    0.51318359375,
    0.510009765625,
    0.51416015625,
    0.52099609375,
    0.5234375,
    0.52392578125,
    0.5283203125,
    0.529296875,
    0.527099609375,
    0.530517578125,
    0.5302734375,
    0.531005859375,
    0.532958984375,
    0.538330078125,
    0.5419921875,
    0.548583984375,
    0.55029296875,
    0.551513671875,
    0.55615234375,
    0.56103515625,
    0.564208984375,
    0.5673828125,
    0.567138671875,
    0.5693359375,
    0.570068359375,
    0.574462890625,
    0.578125,
    0.5830078125,
    0.59033203125,
    0.589111328125,
    0.587646484375,
    0.59423828125,
    0.595703125,
    0.596435546875,
    0.597900390625,
    0.60009765625,
    0.604736328125,
    0.6044921875,
    0.6044921875,
    0.607421875,
    0.605712890625,
    0.606689453125,
    0.607666015625,
    0.60888671875,
    0.609130859375,
    0.60693359375,
    0.611328125,
    0.613037109375,
    0.61328125,
    0.615478515625,
    0.6220703125,
    0.620849609375,
    0.62109375,
    0.62109375,
    0.61962890625,
    0.6171875,
    0.623291015625,
    0.6240234375,
    0.62158203125,
    0.620849609375,
    0.622314453125,
    0.623046875,
    0.62255859375,
    0.62353515625,
    0.62451171875,
    0.624267578125,
    0.624755859375,
    0.621826171875,
    0.622802734375,
    0.62353515625,
    0.625732421875,
    0.624267578125,
    0.622802734375,
    0.61962890625,
    0.61865234375,
    0.614990234375,
    0.6142578125,
    0.61279296875,
    0.61376953125,
    0.61376953125,
    0.612548828125,
    0.613037109375,
    0.61328125,
    0.612548828125,
    0.6142578125,
    0.615966796875,
    0.6162109375,
    0.61865234375,
    0.6181640625,
    0.618408203125,
    0.61865234375,
    0.6201171875,
    0.61962890625,
    0.620849609375,
    0.620849609375,
    0.6220703125,
    0.6240234375,
    0.628173828125,
    0.626220703125,
    0.62255859375,
    0.626220703125,
    0.626220703125,
    0.621337890625,
    0.626708984375,
    0.626220703125,
    0.626220703125,
    0.624755859375,
    0.626220703125,
    0.627197265625,
    0.624755859375,
    0.6259765625,
    0.626708984375,
    0.63037109375,
    0.631103515625,
    0.62841796875,
    0.6279296875,
    0.626220703125,
    0.629150390625,
    0.630859375,
    0.63134765625,
    0.628173828125,
    0.629150390625,
    0.632568359375,
    0.63525390625,
    0.63623046875,
    0.63427734375,
    0.634521484375,
    0.638671875,
    0.635986328125,
    0.635498046875,
    0.637451171875,
    0.63671875,
    0.63818359375,
    0.639892578125,
    0.63671875,
    0.64013671875,
    0.64111328125,
    0.642333984375,
    0.642578125,
    0.64306640625,
    0.64501953125,
    0.644287109375,
    0.645263671875,
    0.645263671875,
    0.647705078125,
    0.649169921875,
    0.6484375,
    0.65283203125,
    0.654541015625,
    0.65673828125,
    0.6591796875,
    0.65771484375,
    0.657470703125,
    0.659423828125,
    0.66064453125,
    0.658935546875,
    0.661865234375,
    0.65771484375,
    0.6591796875,
    0.660400390625,
    0.658203125,
    0.657958984375,
    0.65869140625,
    0.6611328125,
    0.66162109375,
    0.659912109375,
    0.660888671875,
    0.65966796875,
    0.6611328125,
    0.6591796875,
    0.660400390625,
    0.659912109375,
    0.660400390625,
    0.660888671875,
    0.660888671875,
    0.656982421875,
    0.658447265625,
    0.66064453125,
    0.660888671875,
    0.66552734375,
    0.6669921875,
    0.667236328125,
    0.6689453125,
    0.6708984375,
    0.67333984375,
    0.671142578125,
    0.673828125,
    0.672119140625,
    0.671630859375,
    0.6728515625,
    0.67138671875,
    0.6748046875,
    0.672607421875,
    0.672607421875,
    0.673095703125,
    0.674072265625,
    0.673583984375,
    0.674560546875,
    0.675048828125,
    0.67333984375,
    0.672607421875,
    0.675048828125,
    0.67626953125,
    0.675048828125,
    0.677001953125,
    0.67578125,
    0.67626953125,
    0.673583984375,
    0.67626953125,
    0.67529296875,
    0.673828125,
    0.6728515625,
    0.671875,
    0.674072265625,
    0.6748046875,
    0.673828125,
    0.6767578125,
    0.675537109375,
    0.6748046875,
    0.67626953125,
    0.675537109375,
    0.677001953125,
    0.679443359375,
    0.677978515625,
    0.677490234375,
    0.679931640625,
    0.675537109375,
    0.678955078125,
    0.6806640625,
    0.68310546875,
    0.682373046875,
    0.68212890625,
    0.68408203125,
    0.682373046875,
    0.681640625,
    0.677001953125,
    0.67822265625,
    0.6806640625,
    0.678955078125,
    0.677490234375,
    0.679443359375,
    0.680908203125,
    0.682373046875,
    0.681884765625,
    0.68408203125,
    0.685546875,
    0.6865234375,
    0.686767578125,
    0.686767578125,
    0.6875,
    0.683349609375,
    0.6845703125,
    0.685546875,
    0.684326171875,
    0.68408203125,
    0.6826171875,
    0.6826171875,
    0.681640625,
    0.682861328125,
    0.68212890625,
    0.683837890625,
    0.6845703125,
    0.685791015625,
    0.683349609375,
    0.684326171875,
    0.68310546875,
    0.67919921875,
    0.682861328125,
    0.6826171875,
    0.681884765625,
    0.683349609375,
    0.682373046875,
    0.681884765625,
    0.68212890625,
    0.682373046875,
    0.681640625,
    0.681640625,
    0.68408203125,
    0.685302734375,
    0.68408203125,
    0.6826171875,
    0.683349609375,
    0.683349609375,
    0.68212890625,
    0.681884765625,
    0.684326171875,
    0.6826171875,
    0.683837890625,
    0.685302734375,
    0.683349609375,
    0.68310546875,
    0.68310546875,
    0.683837890625,
    0.6865234375,
    0.68310546875,
    0.682373046875,
    0.683349609375,
    0.684326171875,
    0.68701171875,
    0.68310546875,
    0.6806640625,
    0.681884765625,
    0.68310546875,
    0.681396484375,
    0.683349609375,
    0.681884765625,
    0.684814453125,
    0.682861328125,
    0.68603515625,
    0.683837890625,
    0.682373046875,
    0.684814453125,
    0.6845703125,
    0.681640625,
    0.688232421875,
    0.685546875,
    0.68798828125,
    0.691162109375,
    0.6904296875,
    0.68896484375,
    0.688232421875,
    0.689208984375,
    0.68896484375,
    0.68896484375,
    0.68701171875,
    0.6875,
    0.686279296875,
    0.685791015625,
    0.68603515625,
    0.68896484375,
    0.68408203125,
    0.686767578125,
    0.6865234375,
    0.686279296875,
    0.683349609375,
    0.686767578125,
    0.687744140625,
    0.683837890625,
    0.684814453125,
    0.6826171875,
    0.683837890625,
    0.6865234375,
    0.686279296875,
    0.6845703125,
    0.686767578125,
    0.684326171875,
    0.68212890625,
    0.68408203125,
    0.681884765625,
    0.682373046875,
    0.682373046875,
    0.684326171875,
    0.68408203125,
    0.6875,
    0.687255859375,
    0.6875,
    0.688232421875,
    0.6875,
    0.68798828125,
    0.689208984375,
    0.683349609375,
    0.68408203125,
    0.687255859375,
    0.685791015625,
    0.685791015625,
    0.688232421875,
    0.68896484375,
    0.685791015625,
    0.68505859375,
    0.685302734375,
    0.68603515625,
    0.685302734375,
    0.68310546875,
    0.682373046875,
    0.682373046875,
    0.681884765625,
    0.683349609375,
    0.685302734375,
    0.68310546875,
    0.6865234375,
    0.68359375,
    0.682373046875,
    0.684814453125,
    0.685791015625,
    0.687744140625,
    0.6904296875,
    0.688232421875,
    0.6904296875,
    0.68994140625,
    0.689208984375,
    0.686767578125,
    0.687744140625,
    0.689453125,
    0.68994140625,
    0.6875,
    0.6875,
    0.686279296875,
    0.687255859375,
    0.685546875,
    0.689208984375,
    0.68798828125,
    0.686767578125,
