{
  "grid": [
    64,
    64
  ],
  "steps": 800,
  "init_coop": 0.5,
  "noise": 0.0,
  "rule": "soft",
  "soft_k": 4.0,
  "async": false,
  "r2": 0.9930301467188953,
  "k_hat": 0.005265955653725297,
  "t50_hat": -29.391659624168852,
  "mu_inf_hat": 1.0299726646094018,
  "mu": [
    0.51171875,
    0.5205078125,
    0.523681640625,
    0.53515625,
    0.539306640625,
    0.545654296875,
    0.55078125,
    0.548583984375,
    0.5517578125,
    0.557861328125,
    0.560791015625,
    0.566650390625,
    0.574951171875,
    0.5810546875,
    0.58056640625,
    0.579833984375,
    0.58447265625,
    0.586669921875,
    0.5869140625,
    0.587646484375,
    0.589599609375,
    0.590087890625,
    0.5927734375,
    0.59521484375,
    0.59912109375,
    0.601806640625,
    0.603271484375,
    0.603515625,
    0.606201171875,
    0.6083984375,
    0.61181640625,
    0.612548828125,
    0.61572265625,
    0.6162109375,
    0.61572265625,
    0.614990234375,
    0.612060546875,
    0.6162109375,
    0.615478515625,
    0.618408203125,
    0.617919921875,
    0.62255859375,
    0.62060546875,
    0.62353515625,
    0.62451171875,
    0.6259765625,
    0.62841796875,
    0.63037109375,
    0.633544921875,
    0.6376953125,
    0.635498046875,
    0.63671875,
    0.636962890625,
    0.639404296875,
    0.642333984375,
    0.647705078125,
    0.6484375,
    0.648193359375,
    0.649169921875,
    0.644287109375,
    0.647216796875,
    0.64892578125,
    0.651611328125,
    0.652099609375,
    0.651611328125,
    0.654296875,
    0.65625,
    0.6552734375,
    0.654296875,
    0.655029296875,
    0.657470703125,
    0.659423828125,
    0.660888671875,
    0.662353515625,
    0.66064453125,
    0.66259765625,
    0.666259765625,
    0.66748046875,
    0.670166015625,
    0.670654296875,
    0.671875,
    0.672119140625,
    0.674072265625,
    0.676025390625,
    0.674560546875,
    0.6728515625,
    0.6728515625,
    0.6748046875,
    0.677978515625,
    0.6787109375,
    0.679443359375,
    0.683837890625,
    0.683349609375,
    0.685546875,
    0.6884765625,
    0.6904296875,
    0.692626953125,
    0.68994140625,
    0.689208984375,
    0.689453125,
    0.68798828125,
    0.69140625,
    0.69091796875,
    0.692138671875,
    0.6904296875,
    0.6923828125,
    0.694580078125,
    0.6943359375,
    0.69482421875,
    0.694091796875,
    0.696044921875,
    0.69677734375,
    0.69580078125,
    0.69482421875,
    0.697998046875,
    0.700439453125,
    0.701904296875,
    0.702880859375,
    0.7041015625,
    0.70556640625,
    0.708984375,
    0.708740234375,
    0.709228515625,
    0.71044921875,
    0.7119140625,
    0.713134765625,
    0.7099609375,
    0.714599609375,
    0.7158203125,
    0.718505859375,
    0.717041015625,
    0.718505859375,
    0.720458984375,
    0.722412109375,
    0.723876953125,
    0.722900390625,
    0.72412109375,
    0.72412109375,
    0.725830078125,
    0.724609375,
    0.72314453125,
    0.723388671875,
    0.725830078125,
    0.725830078125,
    0.725341796875,
    0.724853515625,
    0.72509765625,
    0.727294921875,
    0.728759765625,
    0.730224609375,
    0.731689453125,
    0.7333984375,
    0.734375,
    0.734619140625,
    0.73583984375,
    0.7373046875,
    0.7373046875,
    0.739013671875,
    0.74267578125,
    0.742431640625,
    0.740966796875,
    0.741455078125,
    0.740234375,
    0.744140625,
    0.747802734375,
    0.748046875,
    0.74951171875,
    0.748779296875,
    0.748291015625,
    0.7490234375,
    0.75,
    0.75048828125,
    0.750244140625,
    0.75244140625,
    0.752685546875,
    0.75439453125,
    0.757080078125,
    0.75830078125,
    0.758544921875,
    0.7587890625,
    0.75732421875,
    0.75830078125,
    0.75927734375,
    0.759033203125,
    0.758544921875,
    0.760009765625,
    0.76171875,
    0.764892578125,
    0.76611328125,
    0.76806640625,
    0.76806640625,
    0.769775390625,
    0.772216796875,
    0.77392578125,
    0.77392578125,
    0.7744140625,
    0.77587890625,
    0.779052734375,
    0.7802734375,
    0.780517578125,
    0.781494140625,
    0.783447265625,
    0.784423828125,
    0.787353515625,
    0.78662109375,
    0.7861328125,
    0.78857421875,
    0.78955078125,
    0.788330078125,
    0.7890625,
    0.79052734375,
    0.7919921875,
    0.79296875,
    0.7958984375,
    0.796142578125,
    0.797119140625,
    0.800537109375,
    0.80078125,
    0.801513671875,
    0.80029296875,
    0.802001953125,
    0.803466796875,
    0.806640625,
    0.807861328125,
    0.806884765625,
    0.8076171875,
    0.806640625,
    0.807861328125,
    0.81005859375,
    0.809326171875,
    0.810302734375,
    0.81005859375,
    0.810791015625,
    0.810546875,
    0.812255859375,
    0.81201171875,
    0.812744140625,
    0.81298828125,
    0.81591796875,
    0.81591796875,
    0.81640625,
    0.81640625,
    0.818359375,
    0.81982421875,
    0.822998046875,
    0.823486328125,
    0.82373046875,
    0.823974609375,
    0.824951171875,
    0.826416015625,
    0.8291015625,
    0.830810546875,
    0.831298828125,
    0.834228515625,
    0.8330078125,
    0.8349609375,
    0.835693359375,
    0.837646484375,
    0.837646484375,
    0.83837890625,
    0.838134765625,
    0.837890625,
    0.83837890625,
    0.837158203125,
    0.83837890625,
    0.838623046875,
    0.837646484375,
    0.83935546875,
    0.839599609375,
    0.8388671875,
    0.838134765625,
    0.83837890625,
    0.83935546875,
    0.840576171875,
    0.841552734375,
    0.843505859375,
    0.84521484375,
    0.846923828125,
    0.849365234375,
    0.84912109375,
    0.849365234375,
    0.850830078125,
    0.853515625,
    0.853759765625,
    0.85546875,
    0.85595703125,
    0.85595703125,
    0.859130859375,
    0.860595703125,
    0.86083984375,
    0.861328125,
    0.864013671875,
    0.86474609375,
    0.864990234375,
    0.867919921875,
    0.867919921875,
    0.871337890625,
    0.873779296875,
    0.87255859375,
    0.873291015625,
    0.8740234375,
    0.873779296875,
    0.87451171875,
    0.875,
    0.876708984375,
    0.876220703125,
    0.876953125,
    0.876708984375,
    0.877685546875,
    0.87744140625,
    0.87841796875,
    0.877685546875,
    0.878173828125,
    0.877685546875,
    0.8779296875,
    0.8779296875,
    0.879150390625,
    0.882568359375,
    0.881591796875,
    0.883056640625,
    0.883544921875,
    0.884521484375,
    0.88671875,
    0.885498046875,
    0.8857421875,
    0.888671875,
    0.88818359375,
    0.888427734375,
    0.891357421875,
    0.893310546875,
    0.89306640625,
    0.8935546875,
    0.893798828125,
    0.892822265625,
    0.892333984375,
    0.89453125,
    0.894775390625,
    0.896484375,
    0.895263671875,
    0.895751953125,
    0.89501953125,
    0.8974609375,
    0.896728515625,
    0.899169921875,
    0.900390625,
    0.899658203125,
    0.8994140625,
    0.900634765625,
    0.904052734375,
    0.904296875,
    0.905029296875,
    0.906494140625,
    0.906494140625,
    0.90869140625,
    0.90966796875,
    0.90869140625,
    0.909912109375,
    0.91015625,
    0.910400390625,
    0.911376953125,
    0.912109375,
    0.912841796875,
    0.9130859375,
    0.91162109375,
    0.91455078125,
    0.91650390625,
    0.91650390625,
    0.91748046875,
    0.9169921875,
    0.91796875,
    0.918212890625,
    0.91845703125,
    0.919921875,
    0.92041015625,
    0.92138671875,
    0.922119140625,
    0.9228515625,
    0.92431640625,
    0.92578125,
    0.925537109375,
    0.926025390625,
    0.92529296875,
    0.926513671875,
    0.9287109375,
    0.927978515625,
    0.927490234375,
    0.928955078125,
    0.92822265625,
    0.9287109375,
    0.9296875,
    0.93017578125,
    0.931884765625,
    0.931396484375,
    0.931640625,
    0.93212890625,
    0.934326171875,
    0.936279296875,
    0.9365234375,
    0.93701171875,
    0.93798828125,
    0.939453125,
    0.939697265625,
    0.939453125,
    0.94091796875,
    0.941650390625,
    0.94384765625,
