{
  "graph": "karate",
  "rule": "soft",
  "steps": 800,
  "init_coop": 0.5,
  "noise": 0.005,
  "soft_k": 4.0,
  "seed": 42,
  "meta": {
    "n": 34,
    "m": 78,
    "avg_deg": 4.588235294117647
  },
  "mu": [
    0.5588235294117647,
    0.5,
    0.47058823529411764,
    0.23529411764705882,
    0.29411764705882354,
    0.17647058823529413,
    0.11764705882352941,
    0.058823529411764705,
    0.0,
    0.0,
    0.0,
    0.0,
    0.029411764705882353,
    0.029411764705882353,
    0.0,
    0.0,
    0.0,
    0.0,
    0.029411764705882353,
    0.0,
    0.0,
    0.0,
    0.029411764705882353,
    0.029411764705882353,
    0.0,
    0.0,
    0.058823529411764705,
    0.029411764705882353,
    0.058823529411764705,
    0.0,
    0.0,
    0.0,
    0.0,
    0.029411764705882353,
    0.08823529411764706,
    0.058823529411764705,
    0.0,
    0.0,
    0.058823529411764705,
    0.029411764705882353,
    0.08823529411764706,
    0.0,
    0.0,
    0.058823529411764705,
    0.0,
    0.0,
    0.0,
    0.029411764705882353,
    0.0,
    0.029411764705882353,
    0.0,
    0.0,
    0.0,
    0.029411764705882353,
    0.0,
    0.029411764705882353,
    0.029411764705882353,
    0.0,
    0.0,
    0.0,
    0.058823529411764705,
    0.08823529411764706,
    0.0,
    0.0,
    0.0,
    0.029411764705882353,
    0.0,
    0.0,
    0.0,
    0.029411764705882353,
    0.23529411764705882,
    0.029411764705882353,
    0.0,
    0.029411764705882353,
    0.0,
    0.0,
    0.0,
    0.0,
    0.0,
    0.0,
    0.0,
    0.0,
    0.0,
    0.0,
    0.0,
    0.0,
    0.0,
    0.0,
    0.0,
    0.029411764705882353,
    0.029411764705882353,
    0.058823529411764705,
    0.0,
    0.0,
    0.0,
    0.029411764705882353,
    0.029411764705882353,
    0.029411764705882353,
    0.0,
    0.058823529411764705,
    0.0,
    0.029411764705882353,
    0.0,
    0.029411764705882353,
    0.0,
    0.029411764705882353,
    0.0,
    0.029411764705882353,
    0.0,
    0.0,
    0.0,
    0.0,
    0.029411764705882353,
    0.0,
    0.029411764705882353,
    0.029411764705882353,
    0.058823529411764705,
    0.0,
    0.0,
    0.029411764705882353,
    0.17647058823529413,
    0.029411764705882353,
    0.0,
    0.0,
    0.0,
    0.058823529411764705,
    0.0,
    0.058823529411764705,
    0.0,
    0.029411764705882353,
    0.029411764705882353,
    0.17647058823529413,
    0.029411764705882353,
    0.0,
    0.0,
    0.029411764705882353,
    0.0,
    0.0,
    0.0,
    0.029411764705882353,
    0.0,
    0.0,
    0.0,
    0.029411764705882353,
    0.0,
    0.029411764705882353,
    0.029411764705882353,
    0.029411764705882353,
    0.029411764705882353,
    0.0,
    0.0,
    0.029411764705882353,
    0.058823529411764705,
    0.0,
    0.0,
    0.0,
    0.0,
    0.0,
    0.0,
    0.029411764705882353,
    0.0,
    0.0,
    0.029411764705882353,
    0.029411764705882353,
    0.0,
    0.0,
    0.0,
    0.0,
    0.0,
    0.0,
    0.029411764705882353,
    0.0,
    0.0,
    0.029411764705882353,
    0.029411764705882353,
    0.058823529411764705,
    0.058823529411764705,
    0.0,
    0.0,
    0.058823529411764705,
    0.0,
    0.029411764705882353,
    0.0,
    0.0,
    0.029411764705882353,
    0.0,
    0.0,
    0.0,
    0.029411764705882353,
    0.029411764705882353,
    0.0,
    0.0,
    0.058823529411764705,
    0.08823529411764706,
    0.029411764705882353,
    0.029411764705882353,
    0.058823529411764705,
    0.0,
    0.0,
    0.0,
    0.029411764705882353,
    0.029411764705882353,
    0.0,
    0.029411764705882353,
    0.0,
    0.0,
    0.029411764705882353,
    0.0,
    0.0,
    0.029411764705882353,
    0.029411764705882353,
    0.0,
    0.0,
    0.0,
    0.0,
    0.0,
    0.0,
    0.0,
    0.0,
    0.0,
    0.0,
    0.0,
    0.029411764705882353,
    0.0,
    0.058823529411764705,
    0.029411764705882353,
    0.08823529411764706,
    0.11764705882352941,
    0.029411764705882353,
    0.0,
    0.0,
    0.029411764705882353,
    0.058823529411764705,
    0.0,
    0.0,
    0.058823529411764705,
    0.0,
    0.029411764705882353,
    0.0,
    0.0,
    0.029411764705882353,
    0.0,
    0.0,
    0.0,
    0.0,
    0.029411764705882353,
    0.029411764705882353,
    0.0,
    0.029411764705882353,
    0.029411764705882353,
    0.0,
    0.0,
    0.0,
    0.029411764705882353,
    0.0,
    0.029411764705882353,
    0.0,
    0.029411764705882353,
    0.0,
    0.0,
    0.0,
    0.0,
    0.0,
    0.0,
    0.0,
    0.0,
    0.0,
    0.0,
    0.0,
    0.0,
    0.0,
    0.058823529411764705,
    0.0,
    0.0,
    0.0,
    0.0,
    0.058823529411764705,
    0.029411764705882353,
    0.0,
    0.029411764705882353,
    0.029411764705882353,
    0.0,
    0.0,
    0.0,
    0.0,
    0.0,
    0.029411764705882353,
    0.0,
    0.029411764705882353,
    0.029411764705882353,
    0.029411764705882353,
    0.0,
    0.029411764705882353,
    0.029411764705882353,
    0.0,
    0.0,
    0.0,
    0.0,
    0.0,
    0.029411764705882353,
    0.0,
    0.0,
    0.0,
    0.0,
    0.0,
    0.0,
    0.029411764705882353,
    0.029411764705882353,
    0.0,
    0.0,
    0.0,
    0.029411764705882353,
    0.0,
    0.0,
    0.0,
    0.029411764705882353,
    0.029411764705882353,
    0.0,
    0.0,
    0.0,
    0.0,
    0.11764705882352941,
    0.029411764705882353,
    0.029411764705882353,
    0.0,
    0.0,
    0.0,
    0.0,
    0.0,
    0.0,
    0.0,
    0.0,
    0.0,
    0.0,
    0.029411764705882353,
    0.08823529411764706,
    0.0,
    0.029411764705882353,
    0.029411764705882353,
    0.0,
    0.0,
    0.029411764705882353,
    0.0,
    0.029411764705882353,
    0.08823529411764706,
    0.029411764705882353,
    0.058823529411764705,
    0.0,
    0.0,
    0.0,
    0.0,
    0.029411764705882353,
    0.0,
    0.0,
    0.0,
    0.0,
    0.0,
    0.029411764705882353,
    0.0,
    0.029411764705882353,
    0.029411764705882353,
    0.0,
    0.0,
    0.0,
    0.0,
    0.058823529411764705,
    0.029411764705882353,
    0.029411764705882353,
    0.029411764705882353,
    0.029411764705882353,
    0.029411764705882353,
    0.058823529411764705,
    0.029411764705882353,
    0.0,
    0.0,
    0.0,
    0.0,
    0.029411764705882353,
    0.0,
    0.0,
    0.058823529411764705,
    0.029411764705882353,
    0.029411764705882353,
    0.08823529411764706,
    0.0,
    0.029411764705882353,
    0.058823529411764705,
    0.0,
    0.0,
    0.029411764705882353,
    0.0,
    0.0,
    0.029411764705882353,
    0.0,
    0.0,
    0.029411764705882353,
    0.058823529411764705,
    0.0,
    0.0,
    0.0,
    0.0,
    0.029411764705882353,
    0.029411764705882353,
    0.0,
    0.0,
    0.0,
    0.0,
    0.0,
    0.058823529411764705,
    0.0,
    0.0,
    0.0,
    0.0,
    0.0,
    0.0,
    0.058823529411764705,
    0.0,
    0.029411764705882353,
    0.0,
    0.029411764705882353,
    0.0,
    0.0,
    0.0,
    0.0,
    0.0,
    0.029411764705882353,
    0.058823529411764705,
    0.0,
    0.0,
    0.0,
    0.0,
    0.029411764705882353,
    0.0,
    0.029411764705882353,
    0.0,
    0.0,
    0.0,
    0.0,
    0.0,
    0.0,
    0.0,
    0.029411764705882353,
    0.0,
    0.0,
    0.0,
    0.0,
    0.0,
    0.0,
    0.029411764705882353,
    0.029411764705882353,
    0.029411764705882353,
    0.0,
    0.029411764705882353,
    0.0,
    0.058823529411764705,
    0.0,
    0.0,
    0.0,
    0.0,
    0.0,
    0.0,
    0.0,
    0.0,
    0.0,
    0.0,
    0.029411764705882353,
    0.029411764705882353,
    0.0,
    0.0,
    0.029411764705882353,
    0.0,
    0.029411764705882353,
    0.0,
    0.0,
    0.029411764705882353,
    0.058823529411764705,
    0.0,
    0.0,
    0.0,
    0.029411764705882353,
    0.0,
    0.0,
    0.0,
    0.0,
    0.0,
    0.0,
    0.0,
    0.029411764705882353,
    0.029411764705882353,
    0.0,
    0.029411764705882353,
    0.029411764705882353,
    0.0,
    0.0,
    0.029411764705882353,
    0.029411764705882353,
    0.029411764705882353,
    0.0,
    0.029411764705882353,
    0.0,
    0.0,
    0.029411764705882353,
