{
  "variant": [
    "prosocial",
    "symmetric",
    "competitive",
    "reward_reversed"
  ],
  "episodes": 5000,
  "horizon": 10,
  "seeds": 3,
  "mean_coop_agent_tft": [
    0.9756999999999999,
    0.9765799999999999,
    0.5088066666666666,
    0.09628666666666667
  ],
  "mean_coop_opp_tft": [
    0.9756999999999999,
    0.9765799999999999,
    0.5088133333333332,
    0.09630666666666667
  ],
  "mean_coop_agent_rand": [
    0.14039333333333331,
    0.06810666666666666,
    0.06719333333333333,
    0.04438
  ],
  "mean_coop_opp_rand": [
    0.49823333333333336,
    0.49799333333333334,
    0.5005066666666668,
    0.49936
  ]
}