{
  "variant": [
    "prosocial",
    "symmetric",
    "competitive",
    "reward_reversed"
  ],
  "episodes": 5000,
  "horizon": 100,
  "seeds": 30,
  "mean_coop_agent_tft": [
    0.9930823333333333,
    0.9929663333333334,
    0.5007975333333332,
    0.015089933333333331
  ],
  "mean_coop_opp_tft": [
    0.9930823333333333,
    0.9929663333333334,
    0.5007988,
    0.015091799999999997
  ],
  "mean_coop_agent_rand": [
    0.08842493333333334,
    0.027967799999999998,
    0.026490333333333334,
    0.0148994
  ],
  "mean_coop_opp_rand": [
    0.4999055333333333,
    0.5002101333333333,
    0.4999006666666667,
    0.4999774666666667
  ]
}